<?xml version="1.0" encoding="utf-8"?>

<extension
	type="module"
	version="2.5.0"
	client="site"
	method="upgrade">
	<name>Smart Carousel</name>
	<author>Top Position</author>
	<creationDate>January 2013</creationDate>
	<copyright>Copyright (C) 2011 Top Position. All rights reserved.</copyright>
	<license>GNU General Public License version 2 or later; see LICENSE.txt</license>
	<authorEmail>opensource.tposition@gmail.com</authorEmail>
	<authorUrl>http://mastermarketingdigital.org/open-source-joomla-extensions</authorUrl>
	<version>1.0.0</version>
	<description>Smart Carousel</description>

	<files>
		<filename module="mod_smartcarousel">mod_smartcarousel.php</filename>
		<filename>index.html</filename>
		<filename>mod_smartcarousel.xml</filename>
		<folder>assets</folder>
		<folder>tmpl</folder>
	</files>

		<config>
		<fields name="params">
			<fieldset name="basic">
				
				<field name="myfolder" type="folderlist" default="" label="Select a folder" directory="images" filter="" exclude="" stripext="" />
				
				<field name="width" type="text" default="900" label="Carousel width (px)" description="" />
				<field name="height" type="text" default="180" label="Carousel height (px)" description="" />
				<field name="imgwidth" type="text" default="200" label="Carousel image width (px)" description="" />
				<field name="imgheight" type="text" default="150" label="Carousel image height (px)" description="" />
				
				
				
			</fieldset>
			<fieldset name="advanced">

				<field
					name="layout"
					type="modulelayout"
					label="JFIELD_ALT_LAYOUT_LABEL"
					description="JFIELD_ALT_MODULE_LAYOUT_DESC" />

				<field
					name="moduleclass_sfx"
					type="text"
					label="COM_MODULES_FIELD_MODULECLASS_SFX_LABEL"
					description="COM_MODULES_FIELD_MODULECLASS_SFX_DESC" />

				<field
					name="cache"
					type="list"
					default="1"
					label="COM_MODULES_FIELD_CACHING_LABEL"
					description="COM_MODULES_FIELD_CACHING_DESC">
					<option
						value="1">JGLOBAL_USE_GLOBAL</option>
					<option
						value="0">COM_MODULES_FIELD_VALUE_NOCACHING</option>
				</field>

				<field
					name="cache_time"
					type="text"
					default="900"
					label="COM_MODULES_FIELD_CACHE_TIME_LABEL"
					description="COM_MODULES_FIELD_CACHE_TIME_DESC" />
				<field
					name="cachemode"
					type="hidden"
					default="static">
					<option
						value="static"></option>
				</field>
			</fieldset>
		</fields>
	</config>
</extension>	